Title,slug,decision,word_count
How to Use Snoozle Slide Sheets,/articles/how-to-use-snoozle-slide-sheets,rewrite,350
Comprehensive Guide to Slide Sheets,/articles/comprehensive-guide-to-slide-sheets,rewrite,382
How to Sleep Better with Back Pain: A Step-by-Step Guide,/articles/how-to-sleep-better-with-back-pain-a-step-by-step-guide,drop,632
Complete Guide to Managing Fibromyalgia Sleep with Mobility Aids,/articles/managing-fibromyalgia-sleep-challenges-with-home-mobility-aids-885992-419,drop,836
Complete Guide to Managing Fibromyalgia Sleep with Mobility Aids,/articles/managing-fibromyalgia-sleep-challenges-with-home-mobility-aids-139819-353,drop,784
Complete Guide to Hip Pain and Sleep Quality,/articles/complete-guide-to-hip-pain-and-sleep-quality,keep,959
How to Sleep Better with Back Pain: Step-by-Step Guide,/articles/how-to-sleep-better-with-back-pain-step-by-step-guide,drop,596
Expert Analysis: Top Sleeping Aids for Elderly Care,/articles/expert-analysis-top-sleeping-aids-for-elderly-care,keep,605
Research Insights: Enhancing Sleep for Fibromyalgia Patients,/articles/research-insights-enhancing-sleep-for-fibromyalgia-patients-869,drop,561
Can You Manage Arthritis Pain at Night? Here's How,/articles/can-you-manage-arthritis-pain-at-night-heres-how,keep,465
Complete Guide to Pregnancy Sleep Comfort and Mobility Solutions,/articles/complete-guide-to-pregnancy-sleep-comfort-and-mobility-solutions,drop,620
Best Products to Minimize Sleep Disturbance: A Comparison,/articles/best-products-to-minimize-sleep-disturbance-a-comparison,keep,540
How Can You Manage Arthritis Pain at Night?,/articles/how-can-you-manage-arthritis-pain-at-night,keep,520
Best Products to Minimize Partner Disturbance: A Comparison,/articles/best-products-to-minimize-partner-disturbance-a-comparison,drop,621
Complete Guide to Hip Pain Solutions for Better Sleep,/articles/complete-guide-to-hip-pain-solutions-for-better-sleep,keep,992
Complete Guide to Pregnancy Sleep Comfort and Mobility Solutions,/articles/complete-guide-to-pregnancy-sleep-comfort-and-mobility-solutions-854,drop,808
Post-Surgery Sleep Solutions: A Practical Guide,/articles/post-surgery-sleep-solutions-a-practical-guide,keep,557
How to Sleep Better with Back Pain: Step-by-Step Guide,/articles/how-to-sleep-better-with-back-pain-step-by-step-guide-405,drop,762
Expert Insights on Sleeping Aids for Elderly Care,/articles/expert-insights-on-sleeping-aids-for-elderly-care,keep,625
Complete Guide to Managing Fibromyalgia Sleep with Mobility Aids,/articles/managing-fibromyalgia-sleep-challenges-with-home-mobility-aids,drop,837
Effective Sleep Solutions Post-Surgery: A Practical Guide,/articles/effective-sleep-solutions-post-surgery-a-practical-guide,keep,654
Complete Guide to Improving Sleep Quality with Hip Pain,/articles/complete-guide-to-improving-sleep-quality-with-hip-pain-522,drop,899
Complete Guide to Best Sleeping Positions During Pregnancy,/articles/complete-guide-to-best-sleeping-positions-during-pregnancy-387,drop,1030
How to Sleep Better with Back Pain: Step-by-Step Guide,/articles/how-to-sleep-better-with-back-pain-step-by-step-guide-966,drop,613
Complete Guide to Pregnancy Sleep Comfort & Mobility Solutions,/articles/complete-guide-to-pregnancy-sleep-comfort-and-mobility-solutions-627,drop,1107
How to Sleep Better with Back Pain: Step-by-Step Guide,/articles/how-to-sleep-better-with-back-pain-step-by-step-guide-498,drop,518
Complete Guide to Best Sleeping Positions During Pregnancy,/articles/complete-guide-to-best-sleeping-positions-during-pregnancy,drop,810
Complete Guide to Improving Sleep with Hip Pain,/articles/complete-guide-to-improving-sleep-with-hip-pain,drop,914
Complete Guide to Improving Sleep Quality with Hip Pain,/articles/complete-guide-to-improving-sleep-quality-with-hip-pain,drop,963
Best Products to Minimize Partner Disturbance: A Comparison,/articles/best-products-to-minimize-partner-disturbance-a-comparison-270,drop,612
Improving Sleep in Fibromyalgia: Research Insights,/articles/improving-sleep-in-fibromyalgia-research-insights,keep,477
Sleep Solutions After Surgery: A Practical Guide,/articles/sleep-solutions-after-surgery-a-practical-guide,keep,609
Research Insights: Enhancing Sleep in Fibromyalgia Patients,/articles/research-insights-enhancing-sleep-in-fibromyalgia-patients,keep,470
Research Insights: Enhancing Sleep for Fibromyalgia Patients,/articles/research-insights-enhancing-sleep-for-fibromyalgia-patients,drop,441
How to Ease Arthritis Pain at Night?,/articles/how-to-ease-arthritis-pain-at-night,keep,497
Research Insights: Enhancing Sleep for Fibromyalgia Patients,/articles/research-insights-enhancing-sleep-for-fibromyalgia-patients-961,drop,498
How to Sleep Better with Back Pain: Step-by-Step Guide,/articles/how-to-sleep-better-with-back-pain-step-by-step-guide-815,drop,613
Complete Guide to Best Sleeping Positions During Pregnancy,/articles/complete-guide-to-best-sleeping-positions-during-pregnancy-791,drop,884
Expert Insights: Top Sleeping Aids for Elderly Care,/articles/expert-insights-top-sleeping-aids-for-elderly-care,keep,679
How to Relieve Arthritis Pain for Better Sleep,/articles/how-to-relieve-arthritis-pain-for-better-sleep,keep,463
Complete Guide to Improving Sleep with Hip Pain,/articles/complete-guide-to-improving-sleep-with-hip-pain-923,drop,1009
How to Manage Arthritis Pain at Night Effectively?,/articles/how-to-manage-arthritis-pain-at-night-effectively,keep,452
Sleep Solutions: Top Products vs Alternatives Compared,/articles/sleep-solutions-top-products-vs-alternatives-compared,keep,513
How to Sleep Better with Back Pain: Step-by-Step Guide,/articles/how-to-sleep-better-with-back-pain-step-by-step-guide-40,drop,562
Research Summary: Enhancing Sleep for Fibromyalgia Patients,/articles/research-summary-enhancing-sleep-for-fibromyalgia-patients,rewrite,445
How to Sleep Better with Back Pain: A Step-by-Step Guide,/articles/how-to-sleep-better-with-back-pain-a-step-by-step-guide-210,drop,798
Innovative Sleep Tech for Pain Relief: Expert Insights,/articles/innovative-sleep-tech-for-pain-relief-expert-insights,keep,610
Effective Sleep Solutions Post-Surgery: A Comprehensive Guide,/articles/effective-sleep-solutions-post-surgery-a-comprehensive-guide,keep,759
Complete Guide to Pregnancy Sleep Comfort and Mobility,/articles/complete-guide-to-pregnancy-sleep-comfort-and-mobility,keep,927
How Does Arthritis Affect Sleep and How to Manage It?,/articles/how-does-arthritis-affect-sleep-and-how-to-manage-it,keep,577
How to Ease Arthritis Pain at Night: Your Essential Guide,/articles/how-to-ease-arthritis-pain-at-night-your-essential-guide,keep,629
Expert Insights: Best Sleeping Aids for Elderly Care,/articles/expert-insights-best-sleeping-aids-for-elderly-care,keep,766
Sleep Products Compared: Stop Partner Disturbance Now,/articles/sleep-products-compared-stop-partner-disturbance-now,keep,647
Complete Guide to Pregnancy Sleep Comfort & Mobility Solutions,/articles/complete-guide-to-pregnancy-sleep-comfort-and-mobility-solutions-607,drop,860
Fibromyalgia Sleep: Research Insights and Improvement Tips,/articles/fibromyalgia-sleep-research-insights-and-improvement-tips,keep,566
Gérer les symptômes de la SEP la nuit : Solutions de sommeil efficaces,/articles/fr-managing-ms-symptoms,rewrite,307
Aides au positionnement pour le sommeil : Guide complet pour un meilleur repos,/articles/fr-sleep-positioning-aids,rewrite,240
Confort de sommeil pendant la grossesse : Solutions pratiques,/articles/fr-pregnancy-sleep-comfort,rewrite,321
Récupération post-chirurgicale : Optimiser votre sommeil pour une guérison rapide,/articles/fr-post-surgery-recovery-sleep,keep,509
Défis du sommeil chez les personnes âgées : Solutions et aides adaptées,/articles/fr-elderly-sleep-challenges,keep,621
Solutions de sommeil pour la douleur chronique : Retrouver un repos réparateur,/articles/fr-chronic-pain-sleep-solutions,keep,834
Aides à la mobilité pour la chambre : Créer un environnement sûr et confortable,/articles/fr-mobility-aids-bedroom,keep,938
Innovations technologiques pour le sommeil : Révolutionner votre repos nocturne,/articles/fr-sleep-technology-innovations,keep,930
Conditions neurologiques et sommeil : Guide spécialisé pour un repos adapté,/articles/fr-neurological-conditions-sleep,keep,1082
Soutien au sommeil pour les aidants : Prendre soin de soi tout en aidant,/articles/fr-caregiver-sleep-support,keep,1116
Manejo de los síntomas de EM por la noche: Soluciones de sueño que funcionan,/articles/es-managing-ms-symptoms,rewrite,291
Ayudas de posicionamiento para el sueño: Guía completa para un mejor descanso,/articles/es-sleep-positioning-aids,rewrite,242
Comodidad del sueño durante el embarazo: Soluciones prácticas,/articles/es-pregnancy-sleep-comfort,rewrite,317
Recuperación post-quirúrgica: Optimizar tu sueño para una curación rápida,/articles/es-post-surgery-recovery-sleep,keep,491
Desafíos del sueño en personas mayores: Soluciones y ayudas adaptadas,/articles/es-elderly-sleep-challenges,keep,576
Soluciones de sueño para dolor crónico: Recuperar un descanso reparador,/articles/es-chronic-pain-sleep-solutions,keep,623
Ayudas de movilidad para el dormitorio: Crear un ambiente seguro y cómodo,/articles/es-mobility-aids-bedroom,keep,835
Innovaciones tecnológicas para el sueño: Revolucionar tu descanso nocturno,/articles/es-sleep-technology-innovations,keep,822
Condiciones neurológicas y sueño: Guía especializada para un descanso adaptado,/articles/es-neurological-conditions-sleep,keep,961
Apoyo al sueño para cuidadores: Cuidar de ti mismo mientras ayudas,/articles/es-caregiver-sleep-support,keep,1002
"MS-Symptome in der Nacht bewältigen: Schlafösungen, die funktionieren",/articles/de-managing-ms-symptoms,rewrite,208
Schlafpositionierungshilfen: Vollständiger Leitfaden für bessere Erholung,/articles/de-sleep-positioning-aids,rewrite,178
Schlafkomfort während der Schwangerschaft: Praktische Lösungen,/articles/de-pregnancy-sleep-comfort,rewrite,246
Postoperative Erholung: Ihren Schlaf für schnelle Heilung optimieren,/articles/de-post-surgery-recovery-sleep,rewrite,383
Schlafprobleme bei älteren Menschen: Lösungen und angepasste Hilfsmittel,/articles/de-elderly-sleep-challenges,rewrite,446
Schlaflösungen bei chronischen Schmerzen: Erholsamen Schlaf wiederfinden,/articles/de-chronic-pain-sleep-solutions,keep,491
Mobilitätshilfen für das Schlafzimmer: Eine sichere und komfortable Umgebung schaffen,/articles/de-mobility-aids-bedroom,keep,656
Schlaftechnologie-Innovationen: Revolutionierung Ihrer nächtlichen Erholung,/articles/de-sleep-technology-innovations,rewrite,435
Neurologische Erkrankungen und Schlaf: Spezialisierter Leitfaden für angepasste Erholung,/articles/de-neurological-conditions-sleep,keep,471
Schlafunterstützung für Pflegekräfte: Selbstfürsorge während der Pflege,/articles/de-caregiver-sleep-support,keep,791
Sleep Solutions After Surgery: Effective Recovery Tips,/articles/sleep-solutions-after-surgery-effective-recovery-tips,keep,645
Complete Guide to Post-Surgery Recovery Sleep Tips,/articles/complete-guide-to-post-surgery-recovery-sleep-tips,keep,773
Complete Guide to Pregnancy Sleep Comfort Solutions,/articles/complete-guide-to-pregnancy-sleep-comfort-solutions,keep,685
Comprehensive Guide to Hip Pain Sleep Positioning Strategies: Evidence-Based Insights for Improved Rest,/articles/comprehensive-guide-to-hip-pain-sleep-positioning-strategies-evidence-based-insights-for-improved-rest,keep,537
Quick Tips: How to Relieve Arthritis Pain for a Better Night's Sleep,/articles/quick-tips-how-to-relieve-arthritis-pain-for-a-better-nights-sleep,rewrite,312
Multiple Sclerosis Sleep Mobility Solutions: Snoozle Slide Sheet vs Traditional Sleep Aids,/articles/multiple-sclerosis-sleep-mobility-solutions-snoozle-slide-sheet-vs-traditional-sleep-aids,keep,537
Effective Hip Pain Sleep Positioning Strategies for a Restful Night,/articles/effective-hip-pain-sleep-positioning-strategies-for-a-restful-night,rewrite,426
Nighttime Arthritis Pain Relief: Quick Tips for Better Sleep,/articles/nighttime-arthritis-pain-relief-quick-tips-for-better-sleep,rewrite,314
Debunking Myths: Improving Sleep Quality for Chronic Pain Sufferers,/articles/debunking-myths-improving-sleep-quality-for-chronic-pain-sufferers,rewrite,358
Debunking Myths: Managing Chronic Back Pain During Sleep for Better Rest,/articles/debunking-myths-managing-chronic-back-pain-during-sleep-for-better-rest,rewrite,307
Debunking Myths: Effective Arthritis Pain Relief at Night,/articles/debunking-myths-effective-arthritis-pain-relief-at-night,rewrite,388
Post-Surgery Recovery Sleep Tips: Practical Advice from Real Experience,/articles/post-surgery-recovery-sleep-tips-practical-advice-from-real-experience,rewrite,373
Step-by-Step Guide to Post-Surgical Recovery Comfort Techniques,/articles/step-by-step-guide-to-post-surgical-recovery-comfort-techniques,keep,483
Fibromyalgia Sleep Management: Comparing Approaches for Better Rest,/articles/fibromyalgia-sleep-management-comparing-approaches-for-better-rest,keep,470
Optimizing Sleep During Post-Surgery Recovery: Clinical Tips and Strategies,/articles/optimizing-sleep-during-post-surgery-recovery-clinical-tips-and-strategies,rewrite,417
Effective Fibromyalgia Sleep Management: Overcoming Sleep Challenges with Practical Solutions,/articles/effective-fibromyalgia-sleep-management-overcoming-sleep-challenges-with-practical-solutions,keep,459
Effective Post-Surgical Recovery Comfort Techniques: Overcoming Challenges with Practical Solutions,/articles/effective-post-surgical-recovery-comfort-techniques-overcoming-challenges-with-practical-solutions,rewrite,441
Restless Leg Syndrome Sleep Management: Effective Solutions for Better Rest,/articles/restless-leg-syndrome-sleep-management-effective-solutions-for-better-rest,keep,523
Enhancing Sleep with Multiple Sclerosis: Effective Mobility Solutions and Adaptations,/articles/enhancing-sleep-with-multiple-sclerosis-effective-mobility-solutions-and-adaptations,rewrite,361
Mastering Fibromyalgia Sleep Management: An Evidence-Based Comprehensive Guide,/articles/mastering-fibromyalgia-sleep-management-an-evidence-based-comprehensive-guide,keep,505
Smart Sleep Technology for Pain Relief: A Comprehensive Versus Analysis,/articles/smart-sleep-technology-for-pain-relief-a-comprehensive-versus-analysis,keep,574
Troubleshooting Weighted Blanket Benefits: Common Sleep Problems and Solutions,/articles/troubleshooting-weighted-blanket-benefits-common-sleep-problems-and-solutions,rewrite,435
Troubleshooting Chronic Pain: How to Improve Sleep Quality Effectively,/articles/troubleshooting-chronic-pain-how-to-improve-sleep-quality-effectively,rewrite,358
Debunking Myths: Evidence-Based Sleep Tips for Post-Surgery Recovery,/articles/debunking-myths-evidence-based-sleep-tips-for-post-surgery-recovery,keep,860
Comprehensive Guide to Parkinson's Disease Sleep Solutions,/articles/comprehensive-guide-to-parkinsons-disease-sleep-solutions,keep,895
Comprehensive Sleep Safety Tips for Heart Disease Patients,/articles/comprehensive-sleep-safety-tips-for-heart-disease-patients,keep,995
Enhancing Senior Sleep: Mobility and Safety Solutions,/articles/enhancing-senior-sleep-mobility-and-safety-solutions,keep,1036
Heart Disease Sleep Safety: Essential Tips and Solutions,/articles/heart-disease-sleep-safety-essential-tips-and-solutions,keep,1067
Effective Sleep Management for Shoulder Pain Relief,/articles/effective-sleep-management-for-shoulder-pain-relief,keep,1015
Enhancing Sleep Quality Through Exercise: A Complete Guide,/articles/enhancing-sleep-quality-through-exercise-a-complete-guide,keep,1072
Parkinson's Disease Sleep Solutions: Comprehensive Guide,/articles/parkinsons-disease-sleep-solutions-comprehensive-guide,keep,984
Understanding the Exercise and Sleep Quality Connection,/articles/understanding-the-exercise-and-sleep-quality-connection,keep,921
Optimize Sleep with Aging Joint Health Tips: An Analytical Guide,/articles/optimize-sleep-with-aging-joint-health-tips-an-analytical-guide,keep,1034
Best Summer Sleep Cooling Strategies: A Detailed Analysis,/articles/best-summer-sleep-cooling-strategies-a-detailed-analysis,keep,884
Debunking Myths: Exercise and Sleep Quality Connection Explained,/articles/debunking-myths-exercise-and-sleep-quality-connection-explained,keep,799
Exercise vs Sleep: Enhancing Sleep Quality Through Fitness,/articles/exercise-vs-sleep-enhancing-sleep-quality-through-fitness,keep,691
Enhance Your Travel Sleep: Easy Comfort Solutions,/articles/enhance-your-travel-sleep-easy-comfort-solutions,keep,876
Master Work-from-Home Sleep Ergonomics in 8 Simple Steps,/articles/master-work-from-home-sleep-ergonomics-in-8-simple-steps,keep,934
Effective Cold Weather Joint Pain Sleep Tips for Better Rest,/articles/effective-cold-weather-joint-pain-sleep-tips-for-better-rest,keep,556
Effective Hip Pain Sleep Positioning Strategies for Better Rest,/articles/effective-hip-pain-sleep-positioning-strategies-for-better-rest,keep,763
10 Steps to Achieve Pregnancy Sleep Comfort Easily,/articles/10-steps-to-achieve-pregnancy-sleep-comfort-easily,keep,824
Enhance Teen Sleep Health and Posture: Solutions and Tips,/articles/enhance-teen-sleep-health-and-posture-solutions-and-tips,keep,742
Knee Pain Nighttime Relief: Strategies for Better Sleep,/articles/knee-pain-nighttime-relief-strategies-for-better-sleep,keep,854
Mastering Restless Leg Syndrome: Sleep Management Guide,/articles/mastering-restless-leg-syndrome-sleep-management-guide,keep,921
Effective Menopause Sleep Comfort Solutions for Better Rest,/articles/effective-menopause-sleep-comfort-solutions-for-better-rest,keep,655
Debunking Sleep Myths: Creating the Perfect Sleep Environment,/articles/debunking-sleep-myths-creating-the-perfect-sleep-environment,keep,811
Post-Surgical Recovery Comfort: Techniques and Comparisons,/articles/post-surgical-recovery-comfort-techniques-and-comparisons,keep,687
Effective Stress Management Techniques for Better Sleep,/articles/effective-stress-management-techniques-for-better-sleep,keep,999
